[{"expressID":125,"type":3124254112,"GlobalId":{"type":1,"value":"0ELnodLOr8mQ4vsWfSrVC9"},"OwnerHistory":{"type":5,"value":41},"Name":{"type":1,"value":"RDC (Local Sprinkler)"},"Description":null,"ObjectType":null,"ObjectPlacement":{"type":5,"value":123},"Representation":null,"LongName":{"type":1,"value":"RDC (Local Sprinkler)"},"CompositionType":{"type":3,"value":"ELEMENT"},"Elevation":{"type":4,"value":-0.6800000000034823}},{"expressID":131,"type":3124254112,"GlobalId":{"type":1,"value":"0ELnodLOr8mQ4vsWfSrVMm"},"OwnerHistory":{"type":5,"value":41},"Name":{"type":1,"value":"RDC (Poste de garde)"},"Description":null,"ObjectType":null,"ObjectPlacement":{"type":5,"value":130},"Representation":null,"LongName":{"type":1,"value":"RDC (Poste de garde)"},"CompositionType":{"type":3,"value":"ELEMENT"},"Elevation":{"type":4,"value":-0.28000000000027203}},{"expressID":137,"type":3124254112,"GlobalId":{"type":1,"value":"0ELnodLOr8mQ4vsWfSnxPK"},"OwnerHistory":{"type":5,"value":41},"Name":{"type":1,"value":"RDC (Cuve)"},"Description":null,"ObjectType":null,"ObjectPlacement":{"type":5,"value":136},"Representation":null,"LongName":{"type":1,"value":"RDC (Cuve)"},"CompositionType":{"type":3,"value":"ELEMENT"},"Elevation":{"type":4,"value":-0.22000000000372502}},{"expressID":141,"type":3124254112,"GlobalId":{"type":1,"value":"0ELnodLOr8mQ4vsWfSaKwD"},"OwnerHistory":{"type":5,"value":41},"Name":{"type":1,"value":"RDC (Bureaux et Cellules)"},"Description":null,"ObjectType":null,"ObjectPlacement":{"type":5,"value":140},"Representation":null,"LongName":{"type":1,"value":"RDC (Bureaux et Cellules)"},"CompositionType":{"type":3,"value":"ELEMENT"},"Elevation":{"type":4,"value":-3.482845403434085e-12}},{"expressID":147,"type":3124254112,"GlobalId":{"type":1,"value":"0ELnodLOr8mQ4vsWfSj5iY"},"OwnerHistory":{"type":5,"value":41},"Name":{"type":1,"value":"R+1 (Bureaux)"},"Description":null,"ObjectType":null,"ObjectPlacement":{"type":5,"value":146},"Representation":null,"LongName":{"type":1,"value":"R+1 (Bureaux)"},"CompositionType":{"type":3,"value":"ELEMENT"},"Elevation":{"type":4,"value":3.95999999999695}},{"expressID":153,"type":3124254112,"GlobalId":{"type":1,"value":"0ELnodLOr8mQ4vsWfSh2VC"},"OwnerHistory":{"type":5,"value":41},"Name":{"type":1,"value":"R+2 (Bureaux)"},"Description":null,"ObjectType":null,"ObjectPlacement":{"type":5,"value":152},"Representation":null,"LongName":{"type":1,"value":"R+2 (Bureaux)"},"CompositionType":{"type":3,"value":"ELEMENT"},"Elevation":{"type":4,"value":7.91999999999652}},{"expressID":159,"type":3124254112,"GlobalId":{"type":1,"value":"0ELnodLOr8mQ4vsWfSh2K7"},"OwnerHistory":{"type":5,"value":41},"Name":{"type":1,"value":"R+3 (Bureaux) et R+1 (Cellules)"},"Description":null,"ObjectType":null,"ObjectPlacement":{"type":5,"value":158},"Representation":null,"LongName":{"type":1,"value":"R+3 (Bureaux) et R+1 (Cellules)"},"CompositionType":{"type":3,"value":"ELEMENT"},"Elevation":{"type":4,"value":11.899999999996501}},{"expressID":165,"type":3124254112,"GlobalId":{"type":1,"value":"0ELnodLOr8mQ4vsWfSh2UY"},"OwnerHistory":{"type":5,"value":41},"Name":{"type":1,"value":"R+4 (Bureaux)"},"Description":null,"ObjectType":null,"ObjectPlacement":{"type":5,"value":164},"Representation":null,"LongName":{"type":1,"value":"R+4 (Bureaux)"},"CompositionType":{"type":3,"value":"ELEMENT"},"Elevation":{"type":4,"value":15.8599999999965}},{"expressID":171,"type":3124254112,"GlobalId":{"type":1,"value":"0ELnodLOr8mQ4vsWfSh2LW"},"OwnerHistory":{"type":5,"value":41},"Name":{"type":1,"value":"Acrotère"},"Description":null,"ObjectType":null,"ObjectPlacement":{"type":5,"value":170},"Representation":null,"LongName":{"type":1,"value":"Acrotère"},"CompositionType":{"type":3,"value":"ELEMENT"},"Elevation":{"type":4,"value":21.2499999999965}}]