[{"expressID":138,"type":3124254112,"GlobalId":{"type":1,"value":"1Xsibz5yH5MxqU$tCACoVL"},"OwnerHistory":{"type":5,"value":41},"Name":{"type":1,"value":"Nivel 1"},"Description":null,"ObjectType":{"type":1,"value":"Nivel:Nivel 1"},"ObjectPlacement":{"type":5,"value":136},"Representation":null,"LongName":{"type":1,"value":"Nivel 1"},"CompositionType":{"type":3,"value":"ELEMENT"},"Elevation":{"type":4,"value":0}},{"expressID":144,"type":3124254112,"GlobalId":{"type":1,"value":"1Xsibz5yH5MxqU$tCACoB$"},"OwnerHistory":{"type":5,"value":41},"Name":{"type":1,"value":"Nivel 2"},"Description":null,"ObjectType":{"type":1,"value":"Nivel:Nivel 1"},"ObjectPlacement":{"type":5,"value":143},"Representation":null,"LongName":{"type":1,"value":"Nivel 2"},"CompositionType":{"type":3,"value":"ELEMENT"},"Elevation":{"type":4,"value":3}},{"expressID":150,"type":3124254112,"GlobalId":{"type":1,"value":"1Xsibz5yH5MxqU$tCACQb$"},"OwnerHistory":{"type":5,"value":41},"Name":{"type":1,"value":"Nivel 3"},"Description":null,"ObjectType":{"type":1,"value":"Nivel:Nivel 1"},"ObjectPlacement":{"type":5,"value":149},"Representation":null,"LongName":{"type":1,"value":"Nivel 3"},"CompositionType":{"type":3,"value":"ELEMENT"},"Elevation":{"type":4,"value":6}}]